{"_wandb":{"runtime":23},"_runtime":23.606658873,"_timestamp":1.7557370747929962e+09,"_step":2,"train/loss":0.08075292408466339,"train/lr(1e-3)":0.001282051282051282,"train/original_loss":0.7195567041635513}