{"_timestamp":1.7570985361769803e+09,"val/loss":0.002024675253778696,"val/original_loss":1.342897653579712,"_runtime":2001.677025065,"train/original_loss":1.0556174516677856,"train/loss":0.0017396763432770967,"_step":200,"_wandb":{"runtime":2001},"train/lr(1e-3)":0.009411456132174768}