{"train/lr(1e-3)":0.000641025641025641,"_wandb":{"runtime":16},"_runtime":16.673172418,"train/original_loss":0.5410196334123611,"_timestamp":1.7557382216175356e+09,"_step":1,"train/loss":0.07790269702672958}