{"_step":781,"val/loss":0.67933589220047,"_wandb":{"runtime":18085},"_runtime":18085.870053998,"train/loss":0.4580179452896118,"train/lr(1e-3)":0,"_timestamp":1.7555837050954244e+09}