{"_timestamp":1.7558566141443665e+09,"_step":1,"_wandb":{"runtime":34},"_runtime":34.506136554,"train/loss":0.0014815542381256819,"train/lr(1e-3)":0.0009090909090909092,"train/original_loss":-0.008571508712700258}