{"_step":1,"train/loss":0.0454464852809906,"_wandb":{"runtime":41},"_runtime":41.643936411,"train/lr(1e-3)":0.0014285714285714286,"train/original_loss":0.12388822436332703,"_timestamp":1.7557692941692986e+09}