{"val/loss":0.12658482789993286,"_wandb":{"runtime":1911},"_runtime":1911.121317328,"_step":200,"train/loss":0.13357029855251312,"train/lr(1e-3)":0.009411456132174768,"_timestamp":1.7571005072495356e+09}