{"train/loss":-0.005700175184756517,"_step":58,"train/original_loss":-2.0074642271441876,"_wandb":{"runtime":1152},"train/lr(1e-3)":0,"val/loss":-0.003069083317669132,"_runtime":1152.421059323,"_timestamp":1.7558584653657696e+09,"val/original_loss":-1.5921948100849626}