{"train/loss":0.012645978480577469,"val/original_loss":2.492762327194214,"_step":781,"_wandb":{"runtime":11199},"train/original_loss":1.6812294125556946,"_runtime":11199.941543901,"train/lr(1e-3)":0,"_timestamp":1.7557513265026984e+09,"val/loss":0.018113737925887108}