{"val/original_loss":-23.208822384059047,"_timestamp":1.7570964940861578e+09,"val/loss":-23.208822384059047,"train/original_loss":-25.59240345959588,"train/lr(1e-3)":0.009890738003669028,"_wandb":{"runtime":2154},"_runtime":2154.923013784,"_step":200,"train/loss":-31.802980422973633}