{"_wandb":{"runtime":20268},"val/original_loss":2.3278326988220215,"train/lr(1e-3)":0,"train/original_loss":1.8795922100543976,"_timestamp":1.755524221055045e+09,"train/loss":0.012676896527409554,"_runtime":20268.397572469,"val/loss":0.019137831404805183,"_step":781}