{"train/loss":0.07546305656433105,"train/lr(1e-3)":0.00641025641025641,"train/original_loss":0.5467803403735161,"_timestamp":1.7557366406845708e+09,"_wandb":{"runtime":131},"_runtime":131.266192155,"_step":10}