{"val/original_loss":-0.12901690211242076,"train/lr(1e-3)":0.008150439217908558,"_step":20,"_runtime":786.263445973,"train/original_loss":-0.1723340891285234,"val/loss":-0.015000584121247907,"_wandb":{"runtime":786},"train/loss":-0.019808465614914894,"_timestamp":1.7558984744239955e+09}