{"_timestamp":1.757013303958476e+09,"_step":400,"train/original_loss":2.0764504038333023,"val/loss":0.0004579051783678278,"val/original_loss":-3.514202790670658,"train/lr(1e-3)":0.007075535904115123,"_runtime":5214.786340552,"_wandb":{"runtime":5214},"train/loss":0.0013085652608424425}